<?xml version="1.0"?>
<doc>
    <assembly>
        <name>FontAwesome5.UWP</name>
    </assembly>
    <members>
        <member name="T:FontAwesome5.FontAwesome">
            <summary>
            Represents ann icon that uses the FontAwesome font
            </summary>
        </member>
        <member name="F:FontAwesome5.FontAwesome.IconProperty">
            <summary>
            Identifies the FontAwesome.Icon dependency property.
            </summary>
        </member>
        <member name="F:FontAwesome5.FontAwesome.SpinProperty">
            <summary>
            Identifies the FontAwesome.Spin dependency property.
            </summary>
        </member>
        <member name="F:FontAwesome5.FontAwesome.SpinDurationProperty">
            <summary>
            Identifies the FontAwesome.SpinDuration dependency property.
            </summary>
        </member>
        <member name="F:FontAwesome5.FontAwesome.PulseProperty">
            <summary>
            Identifies the FontAwesome.Pulse dependency property
            </summary>
        </member>
        <member name="F:FontAwesome5.FontAwesome.PulseDurationProperty">
            <summary>
            Identifies the FontAwesome.PulseDuartion dependency property
            </summary>
        </member>
        <member name="F:FontAwesome5.FontAwesome.RotationProperty">
            <summary>
            Identifies the FontAwesome.Rotation dependency property.
            </summary>
        </member>
        <member name="F:FontAwesome5.FontAwesome.FlipOrientationProperty">
            <summary>
            Identifies the FontAwesome.FlipOrientation dependency property.
            </summary>
        </member>
        <member name="P:FontAwesome5.FontAwesome.Icon">
            <summary>
            Gets or sets the FontAwesome icon
            </summary>
        </member>
        <member name="P:FontAwesome5.FontAwesome.Spin">
            <summary>
            Gets or sets the current spin (angle) animation of the icon.
            </summary>
        </member>
        <member name="P:FontAwesome5.FontAwesome.SpinDuration">
            <summary>
            Gets or sets the duration of the spinning animation (in seconds). This will stop and start the spin animation.
            </summary>
        </member>
        <member name="P:FontAwesome5.FontAwesome.Pulse">
            <summary>
            Gets or sets the state of the pulse animation
            </summary>
        </member>
        <member name="P:FontAwesome5.FontAwesome.PulseDuration">
            <summary>
            Gets or sets the duration of the pulse animation
            </summary>
        </member>
        <member name="P:FontAwesome5.FontAwesome.Rotation">
            <summary>
            Gets or sets the current rotation (angle).
            </summary>
        </member>
        <member name="P:FontAwesome5.FontAwesome.FlipOrientation">
            <summary>
            Gets or sets the current orientation (horizontal, vertical).
            </summary>
        </member>
        <member name="T:FontAwesome5.Fonts">
            <summary>
            Provides FontFamilies and Typefaces of FontAwesome5.
            </summary>
        </member>
        <member name="F:FontAwesome5.Fonts.RegularFontFamily">
            <summary>
            FontAwesome5 Regular FontFamily
            </summary>
        </member>
        <member name="F:FontAwesome5.Fonts.SolidFontFamily">
            <summary>
            FontAwesome5 Solid FontFamily
            </summary>
        </member>
        <member name="F:FontAwesome5.Fonts.BrandsFontFamily">
            <summary>
            FontAwesome5 Brands FontFamily
            </summary>
        </member>
        <member name="T:FontAwesome5.Extensions.ControlExtensions">
            <summary>
            Control extensions
            </summary>
        </member>
        <member name="F:FontAwesome5.Extensions.ControlExtensions.SpinnerStoryBoardName">
            <summary>
            The key used for storing the spinner Storyboard.
            </summary>
        </member>
        <member name="M:FontAwesome5.Extensions.ControlExtensions.BeginSpin``1(``0)">
            <summary>
            Start the spinning animation
            </summary>
            <typeparam name="T">FrameworkElement and ISpinable</typeparam>
            <param name="control">Control to apply the rotation </param>
        </member>
        <member name="M:FontAwesome5.Extensions.ControlExtensions.StopSpin``1(``0)">
            <summary>
            Stop the spinning animation 
            </summary>
            <typeparam name="T">FrameworkElement and ISpinable</typeparam>
            <param name="control">Control to stop the rotation.</param>
        </member>
        <member name="F:FontAwesome5.Extensions.ControlExtensions.PulseStoryBoardName">
            <summary>
            The key used for storing the spinner Storyboard.
            </summary>
        </member>
        <member name="M:FontAwesome5.Extensions.ControlExtensions.BeginPulse``1(``0)">
            <summary>
            Start the pulse animation
            </summary>
            <typeparam name="T">FrameworkElement and IPulsable</typeparam>
            <param name="control">Control to apply the pulse animation</param>
        </member>
        <member name="M:FontAwesome5.Extensions.ControlExtensions.StopPulse``1(``0)">
            <summary>
            Stop the pulse animation 
            </summary>
            <typeparam name="T">FrameworkElement and IPulsable</typeparam>
            <param name="control">Control to stop the pulse animation</param>
        </member>
        <member name="M:FontAwesome5.Extensions.ControlExtensions.SetRotation``1(``0)">
            <summary>
            Sets the rotation for the control
            </summary>
            <typeparam name="T">FrameworkElement and IRotatable</typeparam>
            <param name="control">Control to apply the rotation</param>
        </member>
        <member name="M:FontAwesome5.Extensions.ControlExtensions.SetFlipOrientation``1(``0)">
            <summary>
            Sets the flip orientation for the control
            </summary>
            <typeparam name="T">FrameworkElement and IRotatable</typeparam>
            <param name="control">Control to apply the rotation</param>
        </member>
        <member name="T:FontAwesome5.Extensions.EFontAwesomeIconExtensions">
            <summary>
            EFontAwesomeIcon extensions
            </summary>
        </member>
        <member name="M:FontAwesome5.Extensions.EFontAwesomeIconExtensions.GetFontFamily(FontAwesome5.EFontAwesomeIcon)">
            <summary>
            Get the FontFamily of an icon
            </summary>
        </member>
        <member name="T:FontAwesome5.EFlipOrientation">
            <summary>
            Defines the different flip orientations that a icon can have.
            </summary>
        </member>
        <member name="F:FontAwesome5.EFlipOrientation.Normal">
            <summary>
            Default
            </summary>
        </member>
        <member name="F:FontAwesome5.EFlipOrientation.Horizontal">
            <summary>
            Flip horizontally (on x-achsis)
            </summary>
        </member>
        <member name="F:FontAwesome5.EFlipOrientation.Vertical">
            <summary>
            Flip vertically (on y-achsis)
            </summary>
        </member>
        <member name="T:FontAwesome5.IFlippable">
            <summary>
            Represents a flippable control
            </summary>
        </member>
        <member name="P:FontAwesome5.IFlippable.FlipOrientation">
            <summary>
            Gets or sets the current orientation (horizontal, vertical).
            </summary>
        </member>
        <member name="T:FontAwesome5.IPulsable">
            <summary>
            Represents a control that can have the pulse animation
            </summary>
        </member>
        <member name="P:FontAwesome5.IPulsable.Pulse">
            <summary>
            Gets or sets the state of the pulse animation
            </summary>
        </member>
        <member name="P:FontAwesome5.IPulsable.PulseDuration">
            <summary>
            Gets or sets the duration of the pulse animation
            </summary>
        </member>
        <member name="T:FontAwesome5.IRotatable">
            <summary>
            Represents a rotatable control
            </summary>
        </member>
        <member name="P:FontAwesome5.IRotatable.Rotation">
            <summary>
            Gets or sets the current rotation (angle).
            </summary>
        </member>
        <member name="T:FontAwesome5.ISpinable">
            <summary>
            Represents a spinable control
            </summary>
        </member>
        <member name="P:FontAwesome5.ISpinable.Spin">
            <summary>
            Gets or sets the current spin (angle) animation of the icon.
            </summary>
        </member>
        <member name="P:FontAwesome5.ISpinable.SpinDuration">
            <summary>
            Gets or sets the duration of the spinning animation (in seconds). This will stop and start the spin animation.
            </summary>
        </member>
    </members>
</doc>
